xx	xx	xx	xx	xx	xx	xx	xx	xx	xx	xx	xx	xx	xx	xx	xx	xx	xx	xx	xx	xx	xx	xx	xx	xx	xx	xx	xx	xx	xx	xx	xx	xx	xx
xx	xx	p	e	d	xx	b	xx	i	f	xx	xx	xx	xx	xx	xx	xx	xx	xx	xx	xx	xx	xx	xx	xx	xx	xx	xx	xx	xx	xx	xx	xx	xx
xx	xx	e	m	o	xx	u	d	u	b	xx	xx	xx	xx	xx	xx	c	xx	xx	xx	xx	xx	xx	xx	xx	xx	xx	xx	xx	xx	xx	xx	xx	xx
xx	xx	p	u	l	p	c	o	m	i	c	xx	xx	xx	xx	h	a	xx	xx	xx	xx	xx	xx	l	xx	xx	o	b	i	xx	xx	xx	xx	xx
xx	xx	xx	xx	xx	i	k	e	xx	xx	e	d	s	h	e	e	r	a	n	xx	j	xx	g	i	z	z	a	r	d	xx	xx	xx	xx	xx
xx	xx	xx	a	n	c	e	s	t	o	r	i	c	xx	r	i	f	l	e	xx	o	f	o	z	xx	xx	p	i	e	xx	xx	xx	xx	xx
xx	xx	xx	l	u	c	r	a	t	i	v	e	xx	o	o	d	l	e	s	xx	h	o	r	a	c	e	xx	g	a	k	xx	xx	xx	xx
xx	a	xx	e	t	o	o	xx	xx	xx	e	g	y	p	t	i	a	n	xx	xx	n	o	d	r	u	g	s	xx	s	a	p	xx	xx	xx
xx	s	e	x	y	l	o	r	e	n	z	o	xx	r	i	xx	p	xx	s	xx	a	b	a	d	i	e	xx	xx	xx	n	i	xx	xx	xx
xx	s	c	xx	c	o	xx	xx	xx	xx	a	xx	z	a	c	k	xx	xx	w	xx	t	a	n	xx	n	a	y	s	a	y	e	r	xx	xx
xx	c	h	a	o	s	xx	xx	g	g	xx	xx	w	h	a	t	a	m	i	xx	h	r	xx	xx	g	r	o	w	l	e	r	xx	xx	xx
xx	r	o	l	o	xx	g	i	r	a	f	f	e	xx	xx	xx	m	a	m	b	o	xx	l	xx	xx	xx	xx	o	b	xx	o	xx	xx	xx
xx	a	xx	a	n	t	e	xx	m	e	r	l	i	n	xx	f	b	xx	xx	a	n	n	a	xx	i	c	e	b	u	r	g	s	xx	xx
xx	c	a	w	xx	s	t	a	n	l	e	y	xx	i	l	i	a	d	xx	b	xx	e	d	xx	i	xx	g	xx	m	a	i	d	xx	xx
xx	k	o	xx	b	a	r	xx	t	xx	e	xx	xx	p	u	r	s	e	xx	y	xx	n	y	t	i	m	e	s	xx	g	xx	xx	xx	xx
xx	o	n	t	a	r	i	o	xx	xx	m	s	xx	s	g	xx	s	l	r	xx	xx	xx	xx	xx	i	a	m	xx	xx	xx	p	s	xx	xx
xx	f	e	n	y	xx	d	r	xx	c	o	u	p	xx	xx	p	a	t	i	o	xx	e	j	e	c	t	xx	xx	p	xx	a	s	s	xx
xx	k	s	t	e	xx	o	e	xx	e	n	c	h	i	l	a	d	a	s	xx	xx	z	o	n	k	e	d	xx	o	h	m	s	xx	xx
xx	a	xx	xx	r	xx	f	xx	w	a	t	c	i	n	xx	r	o	c	k	e	t	xx	s	d	xx	xx	xx	p	o	o	p	xx	xx	xx
xx	y	o	i	n	k	xx	s	e	r	xx	u	s	a	xx	f	r	o	xx	d	u	k	e	xx	m	i	r	a	c	l	e	xx	xx	xx
xx	l	xx	xx	f	o	o	t	b	a	l	l	h	e	r	o	xx	xx	k	u	d	o	xx	b	u	s	xx	w	h	o	r	e	xx	xx
xx	e	xx	xx	c	a	m	i	s	xx	a	e	xx	r	o	u	x	xx	xx	c	o	n	t	e	s	s	a	xx	xx	g	xx	xx	xx	xx
xx	e	d	d	xx	l	e	l	xx	y	b	n	xx	o	g	r	e	xx	f	a	r	xx	e	l	k	a	i	s	e	r	xx	xx	xx	xx
xx	s	a	u	s	a	g	e	f	e	s	t	xx	b	u	xx	r	o	u	t	xx	xx	p	o	e	xx	d	k	xx	a	t	o	m	xx
xx	m	e	c	h	xx	a	t	u	a	i	xx	d	i	e	xx	o	i	n	i	l	xx	i	v	t	r	e	a	t	m	e	n	t	xx
xx	o	n	e	a	l	xx	t	xx	s	t	o	i	c	xx	xx	xx	n	g	o	xx	o	d	e	s	xx	xx	xx	xx	xx	a	xx	xx	xx
xx	m	e	xx	q	xx	xx	o	c	t	e	n	e	xx	xx	v	i	k	i	n	g	s	xx	d	xx	xx	xx	xx	xx	xx	xx	xx	xx	xx
xx	xx	xx	xx	xx	xx	xx	xx	xx	xx	xx	xx	xx	xx	xx	xx	xx	xx	xx	xx	xx	xx	xx	xx	xx	xx	xx	xx	xx	xx	xx	xx	xx	xx